Category,Factor
Strengths,Largest passenger vehicle market share (42%)
Strengths,"Extensive dealer and service network (3,000+ outlets)"
Strengths,Strong backing from Suzuki Motor Corporation
Strengths,Economies of scale leading to operational efficiency
Weaknesses,Over-dependence on small and compact cars
Weaknesses,Limited presence in electric vehicle segment
Opportunities,Growing Indian automobile market driven by rising income
Opportunities,Expansion in electric and hybrid vehicle offerings
Threats,"Intense competition from Tata, Hyundai, and new entrants"
Threats,Changing consumer preferences shifting towards SUVs and EVs
